{
  "swap": 0.39829722872755663,
  "raw": 0.32929514702055684,
  "rev": 0.27240762425188647,
  "add": 0.16256830601092895,
  "mul": 0.13934426229508196,
  "sub": 0.1348393182409576,
  "cat": 0.11930783242258651,
  "sub_abs": 0.07008684621389537,
  "sub_neg_abs": 0.06705373406193077,
  "mulm1": 0.06557377049180328,
  "max_mod_min": 0.06135343481654955,
  "mul1": 0.061020036429872485,
  "addm1": 0.060109289617486336,
  "add1": 0.0587431693989071
}