{
  "BADC": 0.30671627022901143,
  "add": 0.15933141336401788,
  "rev": 0.2814631177584314,
  "identity": 0.45096625853528177,
  "replace_minus": 0.48827447276308006,
  "swap": 0.3206918913188184,
  "DCBA": 0.285520069635758,
  "mul": 0.14228985410993555,
  "sub": 0.055993969734517264,
  "sub_rev": 0.05529892611285255,
  "cat": 0.12216909078833563,
  "mulm1": 0.06729042294436266,
  "ABCD": 0.19664284541345917,
  "raw": 0.10569328818376297,
  "CDAB": 0.1739930477156735,
  "abs": 0.1164748465321064,
  "zpad2": 0.09244410783167735,
  "zpad3": 0.045423753248904554,
  "zpad4": 0.027836443736024886,
  "sub_abs": 0.08003004565945292,
  "mul1": 0.062064156206414624,
  "addm1": 0.06156826282349186,
  "add1": 0.05997210599720954,
  "sub_neg_abs": 0.03277386335609067,
  "max_mod_min": 0.05228012723439757,
  "prefix": 0.05301025127917489,
  "digit_absdiff": 0.01749743739857886,
  "suffix": 0.007749017422446899,
  "mod": 0.010000648064915331,
  "DA_CB": 0.00782108513615736,
  "BA_CD": 0.013434367202975372,
  "dsum": 0.009972551390256521,
  "digit_sub_mod10": 0.007147417472854862,
  "AD_BC": 0.006833268016092575,
  "AB_DC": 0.00903904665085604,
  "digit_add_mod10": 0.004054568090424949,
  "sub1": 0.00035158028521179016,
  "digit_sum_diff": 0.0028185307050238805,
  "div": 0.0016432363262461353,
  "min": 0.0002737027775565498,
  "det": 0.0005373040110121523,
  "digit_prod_diff": 0.0011967480483932981,
  "abs_det": 0.0006032680369790138,
  "max": 0.00013884115916729011,
  "subm1": 0.00021646231428369293,
  "digit_mul": 0.00017416249010271634,
  "digit_prod_sum": 0.0007005926597741201,
  "cross_mul": 0.00041117609787979755,
  "digit_sum_sum": 0.0006982475601722338,
  "cross_mul_rev": 0.00033369275679813064,
  "digit_mul_rev": 0.0001401454135302775
}