{
  "P_pre": {
    "swap": 0.39829722872755663,
    "raw": 0.32929514702055684,
    "rev": 0.27240762425188647
  },
  "P_post_given_pre": {
    "swap -> sub": 0.18659071885016643,
    "swap -> add": 0.16577856719952633,
    "rev -> add": 0.24239095392183793,
    "swap -> cat": 0.14405585839407115,
    "swap -> mul": 0.13205120352789854,
    "rev -> mul": 0.1930769322618778,
    "raw -> sub": 0.13538821693328126,
    "raw -> cat": 0.12791576327187779,
    "swap -> sub_neg_abs": 0.09089238684387821,
    "raw -> mul": 0.10371548373395496,
    "raw -> sub_abs": 0.09722091891918587,
    "raw -> add": 0.0926524988023331,
    "raw -> mul1": 0.08297238698716397,
    "raw -> addm1": 0.07882376763780578,
    "raw -> max_mod_min": 0.07802861559584544,
    "raw -> sub_neg_abs": 0.07467514828844757,
    "raw -> add1": 0.07052652893908938,
    "swap -> mulm1": 0.058308323635695464,
    "rev -> mulm1": 0.08525474931043955,
    "rev -> cat": 0.07271728617655139,
    "raw -> mulm1": 0.058080670891014784,
    "swap -> sub_abs": 0.04779404258794223,
    "rev -> sub_abs": 0.06988143142007665,
    "swap -> max_mod_min": 0.044764296359812966,
    "rev -> max_mod_min": 0.06545152777943616,
    "swap -> add1": 0.044588718074355355,
    "rev -> add1": 0.06519480829621847,
    "swap -> addm1": 0.042873767379187834,
    "rev -> addm1": 0.06268731566944084,
    "swap -> mul1": 0.04230211714746534,
    "rev -> mul1": 0.061851484793848305,
    "rev -> sub": 0.0585081612914781,
    "rev -> sub_neg_abs": 0.022985349078794976
  }
}