{
  "swap -> sub": 0.07431856622430397,
  "swap -> add": 0.06602914389799637,
  "rev -> add": 0.06602914389799637,
  "swap -> cat": 0.05737704918032788,
  "swap -> mul": 0.052595628415300556,
  "rev -> mul": 0.052595628415300556,
  "raw -> sub": 0.044582682799895905,
  "raw -> cat": 0.04212204007285975,
  "swap -> sub_neg_abs": 0.036202185792349725,
  "raw -> mul": 0.03415300546448088,
  "raw -> sub_abs": 0.03201437678896695,
  "raw -> add": 0.03051001821493625,
  "raw -> mul1": 0.027322404371584702,
  "raw -> addm1": 0.02595628415300547,
  "raw -> max_mod_min": 0.025694444444444443,
  "raw -> sub_neg_abs": 0.02459016393442623,
  "raw -> add1": 0.023224043715847,
  "swap -> mulm1": 0.023224043715847,
  "rev -> mulm1": 0.023224043715847,
  "rev -> cat": 0.019808743169398912,
  "raw -> mulm1": 0.019125683060109294,
  "swap -> sub_abs": 0.019036234712464215,
  "rev -> sub_abs": 0.019036234712464215,
  "swap -> max_mod_min": 0.01782949518605256,
  "rev -> max_mod_min": 0.01782949518605256,
  "swap -> add1": 0.017759562841530057,
  "rev -> add1": 0.017759562841530057,
  "swap -> addm1": 0.01707650273224044,
  "rev -> addm1": 0.01707650273224044,
  "swap -> mul1": 0.0168488160291439,
  "rev -> mul1": 0.0168488160291439,
  "rev -> sub": 0.01593806921675774,
  "rev -> sub_neg_abs": 0.0062613843351548275
}